sustancia,e_number,doi,titulo,archivo_destino,descargado
Glycerol,E422,10.2903/j.efsa.2022.7353,Follow-up of the re-evaluation of glycerol (E 422) as a food additive,E422_10.2903_j.efsa.2022.7353.pdf,
Glycerol esters of wood rosins (GEWR),E445,10.2903/j.efsa.2023.8110,Follow-up of the re-evaluation of glycerol esters of wood rosins (E 445) as a food additive,E445_10.2903_j.efsa.2023.8110.pdf,
"Indigotine, Indigo carmine",E132,10.2903/j.efsa.2023.8103,Follow-up of the re-evaluation of indigo carmine (E 132) as a food additive,E132_10.2903_j.efsa.2023.8103.pdf,
Polyglycerol esters of fatty acids (E 475),E475,10.2903/j.efsa.2022.7308,Follow-up of the re-evaluation of polyglycerol esters of fatty acids (E 475) as a food additive,E475_10.2903_j.efsa.2022.7308.pdf,
Polyglycerol polyricinoleate,E476,10.2903/j.efsa.2022.7294,Follow-up of the re-evaluation of polyglycerol polyricinoleate (E 476) as a food additive,E476_10.2903_j.efsa.2022.7294.pdf,
Silver (Ag),E174,10.2903/j.efsa.2025.9316,Follow-up of the re-evaluation of silver (E 174) as a food additive (EFSA-Q-2023-00169),E174_10.2903_j.efsa.2025.9316.pdf,
"Disodium 5-acetylamino-4-hydroxy-3-(phenylazo)naphthalene-2,7-disulphonate",E128,10.2903/j.efsa.2007.515,"Opinion of the Scientific Panel on Food Additives, Flavourings, Processing Aids and Materials in Contact with Food on the food colour Red 2G (E128) based on a request from the Commission related to the re-evaluation of all permitted food additives",E128_10.2903_j.efsa.2007.515.pdf,
Potassium sorbate; Sorbic acid,E200; E202,10.2903/j.efsa.2019.5625,Opinion on the follow-up of the re-evaluation of sorbic acid (E200) and potassium sorbate (E202) as food additives,E200-E202_10.2903_j.efsa.2019.5625.pdf,
Gum arabic (acacia gum),E414,10.2903/j.efsa.2019.5922,Opinion on the re-evaluation of acacia gum (E 414) as a food additive in foods for infants below 16 weeks of age and the follow-up of its re-evaluation as a food additive for uses in foods for all population groups,E414_10.2903_j.efsa.2019.5922.pdf,
Ascorbyl palmitate,E304I,10.2903/j.efsa.2020.6153,Opinion on the re-evaluation of ascorbyl palmitate (E 304i) as a food additive in foods for infants below 16 weeks of age and the follow-up of its re-evaluation as a food additive for uses in foods for all population groups,E304I_10.2903_j.efsa.2020.6153.pdf,
Lecithins,E322,10.2903/j.efsa.2020.6266,Opinion on the re-evaluation of lecithins (E 322) as a food additive in foods for infants below 16 weeks of age and follow-up of its re-evaluation as food additive for uses in foods for all population groups,E322_10.2903_j.efsa.2020.6266.pdf,
Sodium carboxymethyl cellulose,E466,10.2903/j.efsa.2022.7665,Opinion on the re-evaluation of sodium carboxy methyl cellulose (E 466) as a food additive in foods for infantsbelow 16 weeks of age and follow-up of its re-evaluation asfood additive for uses in foods for all population groups,E466_10.2903_j.efsa.2022.7665.pdf,
Starch sodium octenyl succinate,E1450,10.2903/j.efsa.2020.5874,Opinion on the re-evaluation of starch sodium octenyl succinate (E 1450) as a food additive in foods for infants below 16 weeks of age and the follow-up of its re-evaluation as a food additive for uses in foods for all population groups,E1450_10.2903_j.efsa.2020.5874.pdf,
Beta-cyclodextrin,E459,10.2903/j.efsa.2016.4628,Re-evaluation of Beta-cyclodextrin (E 459) as a food additive,E459_10.2903_j.efsa.2016.4628.pdf,
Potassium acid tartrate; Sodium tartrates; Calcium tartrate; Tartaric acid (L(+)-); Monosodium tartrate; Sodium potassium tartrate; Potassium tartrates,E334; E335; E336; E337; E354,10.2903/j.efsa.2020.6030,"Re-evaluation of L(+)-tartaric acid (E 334), sodium tartrates (E 335), potassium tartrates (E 336), potassium sodium tartrate (E 337) and calcium tartrate (E 354) as food additives",E334-E335-E336-E337-E354_10.2903_j.efsa.2020.6030.pdf,
Quillaia extract,E999,10.2903/j.efsa.2019.5622,Re-evaluation of Quillaia extract (E 999) as a food additive and safety of the proposed extension of use,E999_10.2903_j.efsa.2019.5622.pdf,
Gum arabic (acacia gum),E414,10.2903/j.efsa.2017.4741,Re-evaluation of acacia gum (E 414) as a food additive,E414_10.2903_j.efsa.2017.4741.pdf,
Acesulfame K,E950,10.2903/j.efsa.2025.9317,Re-evaluation of acesulfame K (E 950) as food additive,E950_10.2903_j.efsa.2025.9317.pdf,
Acetic acid esters of mono- and diglycerides of fatty acids; Mixed acetic and tartaric acid esters of mono- and diglycerides of fatty acids; Mono- and diacetyl tartaric acid esters of mono- and diglycerides of fatty acids; Lactic acid esters of mono- and diglycerides of fatty acids; Citric acid esters of mono- and diglycerides of fatty acids; Tartaric acid esters of mono- and diglycerides of fatty acids,E472A,10.2903/j.efsa.2020.6032,"Re-evaluation of acetic acid, lactic acid, citric acid, tartaric acid, mono- and diacetyltartaric acid, mixed acetic and tartaric acid esters of mono- and diglycerides of fatty acids (E 472a-f) as food additives",E472A_10.2903_j.efsa.2020.6032.pdf,
Alginic acid; Potassium alginate; Calcium alginate; Ammonium alginate; Sodium alginate,E400; E404,10.2903/j.efsa.2017.5049,"Re-evaluation of alginic acid and its sodium, potassium, ammonium and calcium salts (E 400-E 404) as food additives",E400-E404_10.2903_j.efsa.2017.5049.pdf,
Aluminium ammonium sulphate dodecahydrate; Aluminium potassium sulphate; Aluminium sulphate; Sodium aluminium phosphate acidic; Aluminium sodium sulphate,E520; E541,10.2903/j.efsa.2018.5372,Re-evaluation of aluminium sulphates (E 520-523) and sodium aluminium phosphate (E 541) as food additives,E520-E541_10.2903_j.efsa.2018.5372.pdf,
Benzyl alcohol,E1519,10.2903/j.efsa.2019.5876,Re-evaluation of benzyl alcohol (E 1519) as food additive,E1519_10.2903_j.efsa.2019.5876.pdf,
Isobutane,E943A; E943B; E944,10.2903/j.efsa.2025.9203,"Re-evaluation of butane (E 943a), isobutane (E 943b) and propane (E 944) as food additives",E943A-E943B-E944_10.2903_j.efsa.2025.9203.pdf,
Calcium carbonate,E170,10.2903/j.efsa.2023.8106,Re-evaluation of calcium carbonate (E 170) as a food additive in foods for infants below 16 weeks of age and follow-up of its re-evaluation as food additive for uses in foods for all population groups,E170_10.2903_j.efsa.2023.8106.pdf,
Talc; Calcium silicate; Magnesium trisilicate; Magnesium silicate,E552; E553A; E553B,10.2903/j.efsa.2018.5375,"Re-evaluation of calcium silicate (E 552), magnesium silicate (E 553a(i)), magnesium trisilicate (E 553a(ii)) and talc (E 553b) as food additives",E552-E553A-E553B_10.2903_j.efsa.2018.5375.pdf,
Processed euchema seaweed; Carrageenan,E407; E407A,10.2903/j.efsa.2018.5238,Re-evaluation of carrageenan (E 407) and processed Eucheuma seaweed (E 407a) as food additives,E407-E407A_10.2903_j.efsa.2018.5238.pdf,
Cross-linked sodium carboxy methyl cellulose; Sodium carboxymethyl cellulose; Enzymatically hydrolysed carboxy methyl cellulose; Methyl cellulose; Ethyl methyl cellulose; Ethyl cellulose; Powdered cellulose; Hydroxypropyl methyl cellulose; Hydroxypropyl cellulose; Cellulose,E460; E461; E462; E463; E464; E465; E466; E468; E469,10.2903/j.efsa.2018.5047,"Re-evaluation of celluloses E 460(i), E 460(ii), E 461, E 462, E 463, E 464, E 465, E 466, E 468 and E 469 as food additives",E460-E461-E462-E463-E464-E465-E466-E468-E469_10.2903_j.efsa.2018.5047.pdf,
Citric acid esters of mono- and diglycerides of fatty acids,E472C,10.2903/j.efsa.2025.9202,Re-evaluation of citric acid esters of mono- and diglycerides of fatty acids (E 472c) as a food additive in foods for infants below 16 weeks of age and follow-up of its re-evaluation,E472C_10.2903_j.efsa.2025.9202.pdf,
Dimethyl polysiloxane,E900,10.2903/j.efsa.2020.6107,Re-evaluation of dimethyl polysiloxane (E 900) as a food additive,E900_10.2903_j.efsa.2020.6107.pdf,
Erythritol,E968,10.2903/j.efsa.2023.8430,Re-evaluation of erythritol (E 968) as a food additive,E968_10.2903_j.efsa.2023.8430.pdf,
Gellan gum,E418,10.2903/j.efsa.2018.5296,Re-evaluation of gellan gum (E 418) as food additive,E418_10.2903_j.efsa.2018.5296.pdf,
Monopotassium L-glutamate; Calcium di-L-glutamate; Magnesium diglutamate; Glutamic acid; Monoammonium L-glutamate; Monosodium L-Glutamate,E620; E621; E622; E623; E624; E625,10.2903/j.efsa.2017.4910,"Re-evaluation of glutamic acid (E 620), sodium glutamate (E 621), potassium glutamate (E 622), calcium glutamate (E 623), ammonium glutamate (E 624) and magnesium glutamate (E 625) as food additives",E620-E621-E622-E623-E624-E625_10.2903_j.efsa.2017.4910.pdf,
Glycerol; 3-MCPDs,E422,10.2903/j.efsa.2017.4720,Re-evaluation of glycerol (E 422) as a food additive,E422_10.2903_j.efsa.2017.4720.pdf,
Glycerol esters of wood rosin (GEWR) from Pinus halepensis and Pinus brutia; Glycerol esters of wood rosin (GEWR) from Pinus palustris and Pinus elliottii,E445,10.2903/j.efsa.2018.5370,Re-evaluation of glycerol esters of wood rosin (E 445) as a food additive,E445_10.2903_j.efsa.2018.5370.pdf,
Guar gum,E412,10.2903/j.efsa.2017.4669,Re-evaluation of guar gum (E 412) as a food additive,E412_10.2903_j.efsa.2017.4669.pdf,
Magnesium chloride; Calcium chloride; Hydrochloric acid; Potassium chloride,E507; E508; E509; E511,10.2903/j.efsa.2019.5751,"Re-evaluation of hydrochloric acid (E 507), potassium chloride (E 508), calcium chloride (E 509) and magnesium chloride (E 511) as food additives",E507-E508-E509-E511_10.2903_j.efsa.2019.5751.pdf,
Karaya gum,E416,10.2903/j.efsa.2016.4598,Re-evaluation of karaya gum (E 416) as a food additive,E416_10.2903_j.efsa.2016.4598.pdf,
Konjac gum; Konjac glucomannan,E425,10.2903/j.efsa.2017.4864,Re-evaluation of konjac gum (E 425 i) and konjac glucomannan (E 425 ii) as food additives,E425_10.2903_j.efsa.2017.4864.pdf,
Lecithins,E322,10.2903/j.efsa.2017.4742,Re-evaluation of lecithins (E 322) as a food additive,E322_10.2903_j.efsa.2017.4742.pdf,
Locust bean gum,E410,10.2903/j.efsa.2017.4646,Re-evaluation of locust bean gum (E 410) as a food additive,E410_10.2903_j.efsa.2017.4646.pdf,
Locust bean gum,E410,10.2903/j.efsa.2023.7775,Re-evaluation of locust bean gum (E 410) as a food additive in foods for infants below 16 weeks of age and follow-up of its re-evaluation as a food additive for uses in foods for all population groups,E410_10.2903_j.efsa.2023.7775.pdf,
Metatartaric acid,E353,10.2903/j.efsa.2020.6031,Re-evaluation of metatartaric acid (E 353) as a food additive,E353_10.2903_j.efsa.2020.6031.pdf,
Mono-and diglycerides of fatty acids,E471,10.2903/j.efsa.2017.5045,Re-evaluation of mono- and di-glycerides of fatty acids (E 471) as food additives,E471_10.2903_j.efsa.2017.5045.pdf,
Hydrogenated poly-1-decene,E907,10.2903/j.efsa.2020.6034,Re-evaluation of name of hydrogenated poly-1-decene (E 907) as food additive,E907_10.2903_j.efsa.2020.6034.pdf,
Neohesperidine DC,E959,10.2903/j.efsa.2022.7595,Re-evaluation of neohesperidine dihydrochalcone (E 959) as a food additive,E959_10.2903_j.efsa.2022.7595.pdf,
Neotame,E961,10.2903/j.efsa.2025.9480,Re-evaluation of neotame (E 961) as food additive,E961_10.2903_j.efsa.2025.9480.pdf,
Oxidised soya bean oil interacted with mono- and diglycerides of fatty acids (E 479b),E479B,10.2903/j.efsa.2018.5420,Re-evaluation of oxidised soya bean oil interacted with mono- and diglycerides of fatty acids (E 479b) as a food additive,E479B_10.2903_j.efsa.2018.5420.pdf,
Pectin; Amidated pectin,E440I; E440II,10.2903/j.efsa.2017.4866,Re-evaluation of pectin (E 440i) and amidated pectin (E 440ii) as food additives,E440I-E440II_10.2903_j.efsa.2017.4866.pdf,
"Phosphoric acid-phosphates - di-, tri- and polyphosphates (E 338–341, E 343, E 450–452)",E338; E343; E450,10.2903/j.efsa.2019.5674,"Re-evaluation of phosphoric acid-phosphates - di-, tri- and polyphosphates (E 338-341, E 343, E 450-452) as food additives and the safety of proposed extension of use",E338-E343-E450_10.2903_j.efsa.2019.5674.pdf,
Polyglycerol polyricinoleate,E476,10.2903/j.efsa.2017.4743,Re-evaluation of polyglycerol polyricinoleate (E 476) as a food additive,E476_10.2903_j.efsa.2017.4743.pdf,
Polyvinylpyrrolidone; Polyvinylpolypyrrolidone,E1201; E1202,10.2903/j.efsa.2020.6215,Re-evaluation of polyvinylpyrrolidone (E 1201) and polyvinylpolypyrrolidone (E 1202) as food additives and extension of use of polyvinylpyrrolidone (E 1201),E1201-E1202_10.2903_j.efsa.2020.6215.pdf,
N-nitrosodibenzylamine; N-nitrosopyrrolidine; N-nitroso-di-n-propylamine; N-nitrosohydroxyproline; N-nitrosodiethylamine; Sodium nitrite; N-nitrosodimethylamine; N-nitrosoproline; N-Nitroso-thiazolidine-4-carboxylic acid; N-nitrososarcosine; N-nitrosomorpholine; N-nitrosomethylethylamine; Nitrites; N-nitrosomethylaniline; N-nitrosodibutylamine; N-nitrosopiperidine; N-Nitroso-2-methyl-thiazolidine 4-carboxylic acid; N-nitroso-2-hydroxymethylthiazolidine-4-carboxylic acid; N-nitrosodiisobutylamine; Potassium nitrite,E249; E250,10.2903/j.efsa.2017.4786,Re-evaluation of potassium nitrite (E 249) and sodium nitrite (E 250) as food additives,E249-E250_10.2903_j.efsa.2017.4786.pdf,
"Propane-1,2-diol",E1520,10.2903/j.efsa.2018.5235,"Re-evaluation of propane-1,2-diol (E 1520) as a food additive",E1520_10.2903_j.efsa.2018.5235.pdf,
"Alginic acid; Propane-1,2-diol; Propane-1, 2-diol alginate",E405,10.2903/j.efsa.2018.5371,"Re-evaluation of propane-1,2-diol alginate (E 405) as a food additive",E405_10.2903_j.efsa.2018.5371.pdf,
"Propane-1,2-diol esters of fatty acids",E477,10.2903/j.efsa.2018.5497,"Re-evaluation of propane-1,2-diol esters of fatty acids (E 477) as a food additive",E477_10.2903_j.efsa.2018.5497.pdf,
Pullulan,E1204,10.2903/j.efsa.2025.9267,Re-evaluation of pullulan (E 1204) as a food additive and new application for its extension of use,E1204_10.2903_j.efsa.2025.9267.pdf,
Saccharin; Calcium saccharin; Potassium saccharin; Sodium saccharin,E954,10.2903/j.efsa.2024.9044,"Re-evaluation of saccharin and its sodium, potassium andcalcium salts (E 954) as food additives",E954_10.2903_j.efsa.2024.9044.pdf,
(ver título),E904,10.2903/j.efsa.2024.8897,Re-evaluation of shellac (E 904) as a food additive and a new application on the extension of use of shellac (E 904) in dietary foods for special medical purposes,E904_10.2903_j.efsa.2024.8897.pdf,
Silicon dioxide,E551,10.2903/j.efsa.2018.5088,Re-evaluation of silicon dioxide (E 551) as a food additive,E551_10.2903_j.efsa.2018.5088.pdf,
Silicon dioxide,E551,10.2903/j.efsa.2024.8880,Re-evaluation of silicon dioxide (E 551) as a food additive in foods for infants below 16 weeks of age and follow-up of its re-evaluation as a food additive for uses in foods for all population groups,E551_10.2903_j.efsa.2024.8880.pdf,
Potassium aluminium silicate; Sodium aluminium silicate,E554; E555,10.2903/j.efsa.2020.6152,Re-evaluation of sodium aluminium silicate (E 554) and potassium aluminium silicate (E 555) as food additives,E554-E555_10.2903_j.efsa.2020.6152.pdf,
Potassium ferrocyanide; Sodium ferrocyanide; Calcium ferrocyanide,E535; E536; E538,10.2903/j.efsa.2018.5374,"Re-evaluation of sodium ferrocyanide (E 535), potassium ferrocyanide (E 536) and calcium ferrocyanide (E 538) as food additives",E535-E536-E538_10.2903_j.efsa.2018.5374.pdf,
Potassium nitrate; Sodium nitrate; Endogenous N-nitroso compounds (ENOCs),E251; E252,10.2903/j.efsa.2017.4787,Re-evaluation of sodium nitrate (E 251) and potassium nitrate (E 252) as food additives,E251-E252_10.2903_j.efsa.2017.4787.pdf,
"Magnesium salts of fatty acids; Sodium, potassium and calcium salts of fatty acids (E 470a)",E470A; E470B,10.2903/j.efsa.2018.5180,"Re-evaluation of sodium, potassium and calcium salts of fatty acids (E 470a) and magnesium salts of fatty acids (E 470b) as food additives",E470A-E470B_10.2903_j.efsa.2018.5180.pdf,
Sorbitan monopalmitate; Sorbitan monooleate; Sorbitan monolaurate; Sorbitan tristearate; Sorbitan monostearate,E491; E492; E493; E494; E495,10.2903/j.efsa.2017.4788,"Re-evaluation of sorbitan monostearate (E 491), sorbitan tristearate (E 492), sorbitan monolaurate (E 493), sorbitan monooleate (E 494) and sorbitan monopalmitate (E 495) when used as food additives",E491-E492-E493-E494-E495_10.2903_j.efsa.2017.4788.pdf,
Soybean hemicellulose,E426,10.2903/j.efsa.2017.4721,Re-evaluation of soybean hemicellulose (E 426) as a food additive,E426_10.2903_j.efsa.2017.4721.pdf,
Tin (II) chloride,E512,10.2903/j.efsa.2018.5295,Re-evaluation of stannous chloride (E 512) as food additive,E512_10.2903_j.efsa.2018.5295.pdf,
Stearyl tartrate,E483,10.2903/j.efsa.2020.6033,Re-evaluation of stearyl tartrate (E 483) as a food additive,E483_10.2903_j.efsa.2020.6033.pdf,
Sucrose acetate isobutyrate,E444,10.2903/j.efsa.2016.4489,Re-evaluation of sucrose acetate isobutyrate (E 444) as a food additive,E444_10.2903_j.efsa.2016.4489.pdf,
Potassium hydrogen sulphate; Potassium sulphates; Calcium sulphate; Sulphuric acid; Sodium bisulphate; Ammonium sulphate; Sodium sulphates,E513,10.2903/j.efsa.2019.5868,"Re-evaluation of sulphuric acid and its sodium, potassium, calcium and ammonium salts (E 513, 514 (i), 514 (ii), 515 (i), 515 (ii), 516 and 517) as food additive",E513_10.2903_j.efsa.2019.5868.pdf,
Tara gum,E417,10.2903/j.efsa.2017.4863,Re-evaluation of tara gum (E 417) as a food additive,E417_10.2903_j.efsa.2017.4863.pdf,
Titanium dioxide,E171,10.2903/j.efsa.2016.4545,Re-evaluation of titanium dioxide (E 171) as a food additive,E171_10.2903_j.efsa.2016.4545.pdf,
Tragacanth,E413,10.2903/j.efsa.2017.4789,Re-evaluation of tragacanth (E 413) as a food additive,E413_10.2903_j.efsa.2017.4789.pdf,
Xanthan gum,E415,10.2903/j.efsa.2017.4909,Re-evaluation of xanthan gum (E 415) as a food additive,E415_10.2903_j.efsa.2017.4909.pdf,
Xanthan gum,E415,10.2903/j.efsa.2023.7951,Re-evaluation of xanthan gum (E 415) as a food additive infoods for infants below 16 weeks of age and follow-up ofits re-evaluation as a food additive for uses in foods for allpopulation groups,E415_10.2903_j.efsa.2023.7951.pdf,
Sunset Yellow FCF,E110,10.2903/j.efsa.2014.3765,Reconsideration of the temporary ADI and refined exposure assessment for Sunset Yellow FCF (E110),E110_10.2903_j.efsa.2014.3765.pdf,
Rosemary extract liquid of natural origin,E392,10.2903/j.efsa.2018.5373,Refined exposure assessment of extracts of rosemary (E 392) from its use as food additive,E392_10.2903_j.efsa.2018.5373.pdf,
Sucrose esters of fatty acids,E473,10.2903/j.efsa.2018.5087,Refined exposure assessment of sucrose esters of fatty acids (E 473) from its use as a food additive,E473_10.2903_j.efsa.2018.5087.pdf,
Titanium dioxide,E171,10.2903/j.efsa.2021.6585,Safety assessment of titanium dioxide (E171) as a food additive,E171_10.2903_j.efsa.2021.6585.pdf,
Steviol glycosides,E960,10.2903/j.efsa.2020.6106,Safety of a proposed amendment of the specifications for steviol glycosides (E 960) as a food additive: to expand the list of steviol glycosides to all those identified in the leaves of Stevia Rebaudiana Bertoni,E960_10.2903_j.efsa.2020.6106.pdf,
Ethyl lauroyl arginate,E243,10.2903/j.efsa.2019.5621,Safety of ethyl lauroyl arginate (E 243) as a food additive in the light of the new information provided and the proposed extension of use,E243_10.2903_j.efsa.2019.5621.pdf,
Sodium propionate,E281,10.2903/j.efsa.2016.4546,Safety of the extension of use of sodium propionate (E 281) as a food additive. EFSA Panel on Food Additives and Nutrient Sources added to Food (ANS),E281_10.2903_j.efsa.2016.4546.pdf,
Acesulfame K,E950,10.2903/j.efsa.2016.4437,Safety of the proposed extension of use of acesulfame K (E 950) in foods for special medical purposes in young children,E950_10.2903_j.efsa.2016.4437.pdf,
"Beetroot Red, betanin",E162,10.2903/j.efsa.2016.4487,Safety of the proposed extension of use of beetroot red (E 162) in foods for special medical purposes in young children,E162_10.2903_j.efsa.2016.4487.pdf,
Sucralose,E955,10.2903/j.efsa.2016.4361,Safety of the proposed extension of use of sucralose (E 955) in foods for special medical purposes in young children,E955_10.2903_j.efsa.2016.4361.pdf,
Beta-carotene,E160A,10.2903/j.efsa.2016.4434,Safety of the proposed extension of use of synthetic Beta-carotene [E 160a(ii)] in foods for special medical purposes in young children,E160A_10.2903_j.efsa.2016.4434.pdf,
Calcium carbonate; Calcium (Ca),E170,10.2903/j.efsa.2011.2318,Scientific Opinion on re-evaluation of calcium carbonate (E 170) as a food additive,E170_10.2903_j.efsa.2011.2318.pdf,
Chlorophyllins,E140,10.2903/j.efsa.2015.4085,Scientific Opinion on re-evaluation of chlorophyllins (E 140(ii)) as food additives,E140_10.2903_j.efsa.2015.4085.pdf,
Cu-chlorophylls E 141(i); Cu-chlorophyllins E 141(ii),E141,10.2903/j.efsa.2015.4151,Scientific Opinion on re-evaluation of copper complexes of chlorophylls (E 141(i)) and chlorophyllins (E 141(ii)) as food additives,E141_10.2903_j.efsa.2015.4151.pdf,
Tartrazine,E102,10.2903/j.efsa.2009.1331,Scientific Opinion on the re-evaluation Tartrazine (E 102),E102_10.2903_j.efsa.2009.1331.pdf,
4-Hexylresorcinol,E586,10.2903/j.efsa.2014.3643,Scientific Opinion on the re-evaluation of 4-hexylresorcinol (E 586) as a food additive,E586_10.2903_j.efsa.2014.3643.pdf,
Allura Red AC,E129,10.2903/j.efsa.2009.1327,Scientific Opinion on the re-evaluation of Allura Red AC (E 129) as a food additive,E129_10.2903_j.efsa.2009.1327.pdf,
Amaranth,E123,10.2903/j.efsa.2010.1649,Scientific Opinion on the re-evaluation of Amaranth (E 123) as a food additive,E123_10.2903_j.efsa.2010.1649.pdf,
Brilliant Blue FCF,E133,10.2903/j.efsa.2010.1853,Scientific Opinion on the re-evaluation of Brilliant Blue FCF (E 133) as a food additive,E133_10.2903_j.efsa.2010.1853.pdf,
Brown HT,E155,10.2903/j.efsa.2010.1536,Scientific Opinion on the re-evaluation of Brown HT (E 155) as a food additive,E155_10.2903_j.efsa.2010.1536.pdf,
Erythrosine B,E127,10.2903/j.efsa.2011.1854,Scientific Opinion on the re-evaluation of Erythrosine (E 127) as a food additive,E127_10.2903_j.efsa.2011.1854.pdf,
Green S,E142,10.2903/j.efsa.2010.1851,Scientific Opinion on the re-evaluation of Green S (E 142) as a food additive,E142_10.2903_j.efsa.2010.1851.pdf,
"Indigotine, Indigo carmine",E132,10.2903/j.efsa.2014.3768,Scientific Opinion on the re-evaluation of Indigo Carmine (E 132) as a food additive,E132_10.2903_j.efsa.2014.3768.pdf,
Litholrubine BK,E180,10.2903/j.efsa.2010.1586,Scientific Opinion on the re-evaluation of Litholrubine BK (E 180) as a food additive,E180_10.2903_j.efsa.2010.1586.pdf,
"Ponceau 4R, Cochineal Red A",E124,10.2903/j.efsa.2009.1328,Scientific Opinion on the re-evaluation of Ponceau 4R (E 124) as a food additive,E124_10.2903_j.efsa.2009.1328.pdf,
Quinoline Yellow,E104,10.2903/j.efsa.2009.1329,Scientific Opinion on the re-evaluation of Quinoline Yellow (E 104) as a food additive,E104_10.2903_j.efsa.2009.1329.pdf,
Anthocyanins,E163,10.2903/j.efsa.2013.3145,Scientific Opinion on the re-evaluation of anthocyanins (E 163) as a food additive,E163_10.2903_j.efsa.2013.3145.pdf,
Sodium ascorbate; Calcium ascorbate; Ascorbic acid,E300; E301; E302,10.2903/j.efsa.2015.4087,"Scientific Opinion on the re-evaluation of ascorbic acid (E 300), sodium ascorbate (E 301) and calcium ascorbate (E 302) as food additives",E300-E301-E302_10.2903_j.efsa.2015.4087.pdf,
Ascorbyl palmitate; Ascorbyl stearate,E304,10.2903/j.efsa.2015.4289,Scientific Opinion on the re-evaluation of ascorbyl palmitate (E 304(i)) and ascorbyl stearate (E 304(ii)) as food additives,E304_10.2903_j.efsa.2015.4289.pdf,
Aspartame,E951,10.2903/j.efsa.2013.3496,Scientific Opinion on the re-evaluation of aspartame (E 951) as a food additive.,E951_10.2903_j.efsa.2013.3496.pdf,
"Beetroot Red, betanin",E162,10.2903/j.efsa.2015.4318,Scientific Opinion on the re-evaluation of beetroot red (E 162) as a food additive,E162_10.2903_j.efsa.2015.4318.pdf,
Sodium benzoate; Benzoic acid; Calcium benzoate; Potassium benzoate,E210; E211; E212; E213,10.2903/j.efsa.2016.4433,"Scientific Opinion on the re-evaluation of benzoic acid (E 210), sodium benzoate (E 211), potassium benzoate (E 212) and calcium benzoate (E 213) as food additives",E210-E211-E212-E213_10.2903_j.efsa.2016.4433.pdf,
Beta-apo-8'-carotenal (C 30),E160E,10.2903/j.efsa.2012.2499,Scientific Opinion on the re-evaluation of beta-apo-8'-carotenal (E 160e) as a food additive,E160E_10.2903_j.efsa.2012.2499.pdf,
Boric acid; Sodium tetraborate,E284; E285,10.2903/j.efsa.2013.3407,Scientific Opinion on the re-evaluation of boric acid (E 284) and sodium tetraborate (borax) (E 285) as food additives.,E284-E285_10.2903_j.efsa.2013.3407.pdf,
Butylated hydroxyanisole (BHA),E320,10.2903/j.efsa.2011.2392,Scientific Opinion on the re-evaluation of butylated hydroxyanisole BHA (E 320) as a food additive,E320_10.2903_j.efsa.2011.2392.pdf,
Butylated hydroxytoluene (BHT),E321,10.2903/j.efsa.2012.2588,Scientific Opinion on the re-evaluation of butylated hydroxytoluene BHT (E 321) as a food additive,E321_10.2903_j.efsa.2012.2588.pdf,
Candelilla wax,E902,10.2903/j.efsa.2012.2946,Scientific Opinion on the re-evaluation of candelilla wax (E 902) as a food additive.,E902_10.2903_j.efsa.2012.2946.pdf,
Canthaxanthine,E161,10.2903/j.efsa.2010.1852,Scientific Opinion on the re-evaluation of canthaxanthin (E 161 g) as a food additive,E161_10.2903_j.efsa.2010.1852.pdf,
Carnauba wax,E903,10.2903/j.efsa.2012.2880,Scientific Opinion on the re-evaluation of carnauba wax (E 903) as a food additive,E903_10.2903_j.efsa.2012.2880.pdf,
Chlorophylls,E140,10.2903/j.efsa.2015.4089,Scientific Opinion on the re-evaluation of chlorophylls (E 140(i)) as food additives,E140_10.2903_j.efsa.2015.4089.pdf,
"Cochineal, Carminic acid, Carmines",E120,10.2903/j.efsa.2015.4288,"Scientific Opinion on the re-evaluation of cochineal, carminic acid, carmines (E 120) as a food additive",E120_10.2903_j.efsa.2015.4288.pdf,
Curcumin,E100,10.2903/j.efsa.2010.1679,Scientific Opinion on the re-evaluation of curcumin (E 100) as a food additive,E100_10.2903_j.efsa.2010.1679.pdf,
Dodecyl gallate,E312,10.2903/j.efsa.2015.4086,Scientific Opinion on the re-evaluation of dodecyl gallate (E 312) as a food additive,E312_10.2903_j.efsa.2015.4086.pdf,
Erythorbic acid; Sodium erythorbate,E315; E316,10.2903/j.efsa.2016.4360,Scientific Opinion on the re-evaluation of erythorbic acid (E 315) and sodium erythorbate (E 316) as food additives,E315-E316_10.2903_j.efsa.2016.4360.pdf,
Gold,E175,10.2903/j.efsa.2016.4362,Scientific Opinion on the re-evaluation of gold (E 175) as a food additive,E175_10.2903_j.efsa.2016.4362.pdf,
Hexamethylene tetramine,E239,10.2903/j.efsa.2014.3696,Scientific Opinion on the re-evaluation of hexamethylene tetramine (E 239) as a food additive,E239_10.2903_j.efsa.2014.3696.pdf,
Iron oxides and hydroxides,E172,10.2903/j.efsa.2015.4317,Scientific Opinion on the re-evaluation of iron oxides and hydroxides (E 172) as food additives,E172_10.2903_j.efsa.2015.4317.pdf,
Lutein,E161B,10.2903/j.efsa.2010.1678,Scientific Opinion on the re-evaluation of lutein (E 161b) as a food additive,E161B_10.2903_j.efsa.2010.1678.pdf,
Lutein ester (Tagetes erecta); Lutein preparations; Lutein,,10.2903/j.efsa.2011.2144,Scientific Opinion on the re-evaluation of lutein preparations other than lutein with high concentrations of total saponified carotenoids at levels of at least 80%,sinE_10.2903_j.efsa.2011.2144.pdf,
Microcrystalline wax,E905,10.2903/j.efsa.2013.3146,Scientific Opinion on the re-evaluation of microcrystalline wax (E 905) as a food additive.,E905_10.2903_j.efsa.2013.3146.pdf,
Mixed carotenes from algae; Mixed carotenes from natural strains of edible plants; Beta-carotene; Mixed carotenes from non edible plants,E160A,10.2903/j.efsa.2012.2593,Scientific Opinion on the re-evaluation of mixed carotenes (E 160a (i)) and beta-carotene (E 160a (ii)) as a food additive,E160A_10.2903_j.efsa.2012.2593.pdf,
Montan acid esters,E912,10.2903/j.efsa.2013.3236,Scientific Opinion on the re-evaluation of montan acid esters (E 912) as a food additive.,E912_10.2903_j.efsa.2013.3236.pdf,
Octyl gallate,E311,10.2903/j.efsa.2015.4248,Scientific Opinion on the re-evaluation of octyl gallate (E 311) as a food additive,E311_10.2903_j.efsa.2015.4248.pdf,
Polyethylene waxes oxidised,E914,10.2903/j.efsa.2015.4145,Scientific Opinion on the re-evaluation of oxidised polyethylene wax (E 914) as a food additive,E914_10.2903_j.efsa.2015.4145.pdf,
Paprika extract,E160C,10.2903/j.efsa.2015.4320,Scientific Opinion on the re-evaluation of paprika extract (E 160c) as a food additive,E160C_10.2903_j.efsa.2015.4320.pdf,
Polyoxyethylene sorbitan monooleate (polysorbate 80); Polysorbates,E432; E433; E434; E435; E436,10.2903/j.efsa.2015.4152,"Scientific Opinion on the re-evaluation of polyoxyethylene sorbitan monolaurate (E 432), polyoxyethylene sorbitan monooleate (E 433), polyoxyethylene sorbitan monopalmitate (E 434), polyoxyethylene sorbitan monostearate (E 435) and polyoxyethylene sorbitan tristearate (E 436) as food additives",E432-E433-E434-E435-E436_10.2903_j.efsa.2015.4152.pdf,
Sodium propionate; Propionic acid; Calcium propionate; Potassium propionate,E280; E281; E282; E283,10.2903/j.efsa.2014.3779,"Scientific Opinion on the re-evaluation of propionic acid (E 280), sodium propionate (E 281), calcium propionate (E 282) and potassium propionate (E 283) as food additives",E280-E281-E282-E283_10.2903_j.efsa.2014.3779.pdf,
Propyl gallate,E310,10.2903/j.efsa.2014.3642,Scientific Opinion on the re-evaluation of propyl gallate (E 310) as a food additive,E310_10.2903_j.efsa.2014.3642.pdf,
Riboflavin-5'-phosphate sodium; Riboflavin,E101,10.2903/j.efsa.2013.3357,Scientific Opinion on the re-evaluation of riboflavin (E 101(i)) and riboflavin-5'-phosphate sodium (E 101(ii)) as food additives.,E101_10.2903_j.efsa.2013.3357.pdf,
Sodium stearoyl-2-lactylate and calcium stearoyl-2-lactylate; Sodium stearoyl-2-lactylate; Calcium stearoyl-2-lactylate,E481; E482,10.2903/j.efsa.2013.3144,Scientific Opinion on the re-evaluation of sodium stearoyl-2-lactylate (E 481) and calcium stearoyl-2-lactylate (E 482) as food additives.,E481-E482_10.2903_j.efsa.2013.3144.pdf,
Potassium sorbate; Sorbic acid; Calcium sorbate,E200; E202; E203,10.2903/j.efsa.2015.4144,"Scientific Opinion on the re-evaluation of sorbic acid (E 200), potassium sorbate (E 202) and calcium sorbate (E 203) as food additives",E200-E202-E203_10.2903_j.efsa.2015.4144.pdf,
Sulfur dioxide and sulfites group,E220; E221; E222; E223; E224; E226; E227; E228,10.2903/j.efsa.2016.4438,"Scientific Opinion on the re-evaluation of sulfur dioxide (E 220), sodium sulfite (E 221), sodium bisulfite (E 222), sodium metabisulfite (E 223), potassium metabisulfite (E 224), calcium sulfite (E 226), calcium bisulfite (E 227) and potassium bisulfite (E 228) as food additives",E220-E221-E222-E223-E224-E226-E227-E228_10.2903_j.efsa.2016.4438.pdf,
Tocopherol-rich extract; Delta-tocopherol; DL-alpha-tocopherol; Gamma-tocopherol,E306; E307; E308; E309,10.2903/j.efsa.2015.4247,"Scientific Opinion on the re-evaluation of tocopherol-rich extract (E 306), alpha-tocopherol (E 307), gamma-tocopherol (E 308) and delta-tocopherol (E 309) as food additives",E306-E307-E308-E309_10.2903_j.efsa.2015.4247.pdf,
Vegetable carbon Black,E153,10.2903/j.efsa.2012.2592,Scientific Opinion on the re-evaluation of vegetable carbon (E 153) as a food additive,E153_10.2903_j.efsa.2012.2592.pdf,
"Azorubine, Carmoisine",E122,10.2903/j.efsa.2009.1332,Scientific Opinion on the re-evaluationof Azorubine/Carmoisine (E 122) as a food additive,E122_10.2903_j.efsa.2009.1332.pdf,
Brilliant Black BN,E151,10.2903/j.efsa.2010.1540,Scientific Opinion on the re-evaluationof Brilliant Black BN (E 151) as a food additive,E151_10.2903_j.efsa.2010.1540.pdf,
Brown FK,E154,10.2903/j.efsa.2010.1535,Scientific Opinion on the re-evaluationof Brown FK (E 154) as a food additive,E154_10.2903_j.efsa.2010.1535.pdf,
Beta-apo-8'-carotenal (C 30),E160E,10.2903/j.efsa.2014.3492,Scientific Opinion on the reconsideration of the ADI and a refined exposure assessment of beta-apo-8'-carotenal (E 160e),E160E_10.2903_j.efsa.2014.3492.pdf,
Thaumatin,E957,10.2903/j.efsa.2015.4290,Scientific Opinion on the safety of the extension of use of thaumatin (E 957),E957_10.2903_j.efsa.2015.4290.pdf,
Erythritol,E968,10.2903/j.efsa.2015.4033,Scientific Opinion on the safety of the proposed extension of use of erythritol (E 968) as a food additive,E968_10.2903_j.efsa.2015.4033.pdf,
Calcium lignosulphonate (40-65),,10.2903/j.efsa.2010.1525,Scientific Opinion on the use of calcium lignosulphonate (40-65) as a carrier for vitamins and carotenoids,sinE_10.2903_j.efsa.2010.1525.pdf,
Caustic sulphite caramel; Ammonia caramel; Plain caramel; Caramel colours; Sulphite ammonia caramel,E150,10.2903/j.efsa.2011.2004,"Scientific opinion on the re-evaluation of caramel colours (E 150 a,b,c,d) as food additives",E150_10.2903_j.efsa.2011.2004.pdf,
Dimethyl dicarbonate,E242,10.2903/j.efsa.2015.4319,"Scientific opinion on the re-evaluation of dimethyl dicarbonate (DMDC, E 242) as a food additive",E242_10.2903_j.efsa.2015.4319.pdf,
Silver (Ag),E174,10.2903/j.efsa.2016.4364,Scientific opinion on the re-evaluation of silver (E 174) as food additive,E174_10.2903_j.efsa.2016.4364.pdf,
White mineral oil (petroleum); White mineral oil with high viscosity (kinematic viscosity at 100 °C not less than 11 mm²/s),,10.2903/j.efsa.2013.3073,Scientific opinion on the safety assessment of medium viscosity white mineral oils with a kinematic viscosity between 8.5 - 11 mm²/s at 100 °C for the proposed uses as a food additive,sinE_10.2903_j.efsa.2013.3073.pdf,
Allura Red AC,,10.2903/j.efsa.2013.3234,Statement on Allura Red AC and other sulphonated mono azo dyes authorised as food and feed additives.,sinE_10.2903_j.efsa.2013.3234.pdf,
Erythritol,E968,10.2903/j.efsa.2013.3121,Statement on a refined dietary exposure assessment of erythritol (E 968) taking into account additional data provided.,E968_10.2903_j.efsa.2013.3121.pdf,
Nitrites; Nitrate,,10.2903/j.efsa.2010.1538,Statement on nitrites in meat products,sinE_10.2903_j.efsa.2010.1538.pdf,
Sodium stearoyl-2-lactylate and calcium stearoyl-2-lactylate; Sodium stearoyl-2-lactylate; Calcium stearoyl-2-lactylate,,10.2903/j.efsa.2013.3125,Statement on the exposure assessment of sodium stearoyl-2-lactylate and calcium stearoyl-2-lactylate including exposure resulting from extension of the authorisation of sodium stearoyl-2-lactylates.,sinE_10.2903_j.efsa.2013.3125.pdf,
Tertiary-butyl hydroquinone (TBHQ),E319,10.2903/j.efsa.2016.4363,Statement on the refined exposure assessment of tertiary-butyl hydroquinone (E 319),E319_10.2903_j.efsa.2016.4363.pdf,
Lutein,,10.2903/j.efsa.2012.2589,Statement on the safety assessment of the exposure to lutein preparations based on new data on the use levels of lutein,sinE_10.2903_j.efsa.2012.2589.pdf,
Beta-carotene,,10.2903/j.efsa.2012.2953,Statement on the safety of Beta-carotene use in heavy smokers.,sinE_10.2903_j.efsa.2012.2953.pdf,
Iodized ethyl esters of poppy seed oil,,10.2903/j.efsa.2013.3120,Statement on the safety of iodized ethyl esters of poppy seed oil as a source of iodine added for nutritional purposes to foodstuffs.,sinE_10.2903_j.efsa.2013.3120.pdf,
(ver título),E955,10.2903/j.efsa.2017.4784,Statement on the validity of the conclusions of a mouse carcinogenicity study on sucralose (E 955) performed by the Ramazzini Institute,E955_10.2903_j.efsa.2017.4784.pdf,
(ver título),,10.2903/j.efsa.2011.1996,Statement on two recent scientific articles on the safety of artificial sweeteners,sinE_10.2903_j.efsa.2011.1996.pdf,
Lycopene,,10.2903/j.efsa.2008.674,Use of lycopene as a food colour,sinE_10.2903_j.efsa.2008.674.pdf,
